id,name
CG3673,Ultraboost Parley Shoes
DB0641,Ultraboost X Parley Shoes
DB0925,Ultraboost ST Parley Shoes
B27771,adidas x UNDEFEATED Adizero Adios 3 Shoes
AC8765,Arkyn Shoes
CQ2748,Arkyn Shoes
DA9604,Arkyn Shoes
CQ3026,F/22 Primeknit Shoes
CQ2749,Arkyn Shoes
DA9606,Arkyn Shoes
CQ3025,F/22 Primeknit Shoes
CQ3027,F/22 Primeknit Shoes
AC8704,Deerupt Runner Shoes
AC8728,Deerupt Runner Shoes
CQ2627,Deerupt Runner Shoes
CQ2628,Deerupt Runner Shoes
CQ2629,Deerupt Runner Shoes
CQ2911,Deerupt Runner Shoes
CQ2912,Deerupt Runner Shoes
CQ2913,Deerupt Runner Shoes
AC8597,NMD_CS1 PARLEY PK
BY8888,Ultraboost Clima Shoes
CG3946,Ultraboost X Clima Shoes
BB6179,Ultraboost Shoes
CQ0022,Ultraboost Clima Shoes
CG4762,Alphabounce Beyond Shoes
DB0206,Alphabounce Beyond Shoes
BB6163,Ultraboost X Shoes
B22681,Prophere Shoes
DA9616,Prophere Shoes
AC7019,Alphabounce Kolor Shoes
AC7020,Alphabounce Kolor Shoes
AC8274,Alphabounce Beyond Shoes
AC8634,Alphabounce Beyond Shoes
BW1247,Alphabounce Beyond Shoes
CG4763,Alphabounce Beyond Shoes
CQ0784,Alphabounce 1 Parley Shoes
CQ1491,Alphabounce 1 Parley Shoes
DA9975,adidas x Reigning Champ Alphabounce Beyond Shoes
DA9992,Alphabounce 1 Parley Shoes
DB0204,Alphabounce Beyond Shoes
DB0205,Alphabounce Beyond Shoes
DB0208,Alphabounce Beyond Shoes
DB0673,Alphabounce Beyond Shoes
CQ1255,Alphabounce Kolor Shoes
AH2215,Harden Vol. 2 Shoes
CG5509,Tubular Doom Sock Primeknit Shoes
CG5510,Tubular Doom Sock Primeknit Shoes
CQ0946,Tubular Doom Sock Primeknit Shoes
CQ0950,Tubular Doom Sock Primeknit Shoes
CQ2451,Tubular Doom Sock Primeknit Shoes
CQ2452,Tubular Doom Sock Primeknit Shoes
CQ2510,Tubular Dawn Shoes
CQ2511,Tubular Dawn Shoes
CQ3013,Tubular Viral 2.0 Shoes
CM8077,Superstar Shoes
CM8078,Superstar Shoes
CQ2728,Superstar Shoes
DB2152,Superstar 80s Shoes
S76540,Superstar 80s Shoes
AC7352,EQT Bask ADV Shoes
CQ2160,EQT ADV Racing Shoes
CQ2161,EQT ADV Racing Shoes
CQ2198,Stan Smith Shoes
CQ2469,Stan Smith Shoes
CQ2632,Stan Smith Shoes
CQ2830,Stan Smith Bold Shoes
CQ2900,Stan Smith Nuud Shoes
CQ2902,Stan Smith Sock Primeknit Shoes
CQ3031,Stan Smith Leather Sock Shoes
CQ3032,Stan Smith Primeknit Shoes
DA9145,Stan Smith Shoes
BB6295,Pureboost DPR Shoes
CQ2023,Swift Run Shoes
CQ2025,Swift Run Shoes
CQ2120,Swift Run Shoes
CQ2121,Swift Run Shoes
CQ2599,Swift Run Shoes
CQ2895,Swift Run Primeknit Shoes
CQ2896,Swift Run Primeknit Shoes
DA9835,Cloudfoam QT Flex Shoes
DB0242,Cloudfoam QT Flex Shoes
DB0893,Cloudfoam Advantage Clean Shoes
DB1589,Cloudfoam Lite Racer CC Shoes
DB1590,Cloudfoam Lite Racer CC Shoes
DB1699,Cloudfoam Lite Racer CC Shoes
DB1701,Cloudfoam Lite Racer CC Shoes
BB6089,Pureboost X Clima Shoes
BY8895,Pureboost Clima Shoes
BB6297,Pureboost DPR Shoes
BY8896,Pureboost Clima Shoes
BY8898,Pureboost Clima Shoes
BY8899,Pureboost Clima Shoes
CG3529,Pureboost X TR 3.0 Shoes
CM7411,Predator 18.1 Firm Ground Boots
CP9293,Predator 18.2 Firm Ground Boots
CP9012,Predator 18.3 Firm Ground Boots
CP9042,Predator Tango 18.3 Turf Boots
CP9280,Predator Tango 18.3 Turf Boots
CP9304,Predator 18.3 Firm Ground Boots
CP9163,X 17.1 Firm Ground Boots
CP9189,X 17.2 Firm Ground Boots
CP8993,X 17.3 Firm Ground Boots
CP9194,X 17.3 Firm Ground Boots
CP8935,Nemeziz 17.1 Firm Ground Boots
CP8973,Nemeziz 17.2 Firm Ground Boots
CP8989,Nemeziz 17.3 Firm Ground Boots
CP9101,Nemeziz Tango 17.3 Turf Boots
CP9167,Nemeziz 17.3 Firm Ground Boots
CM7664,Copa 18.1 Firm Ground Boots
DB1745,Barricade Court Shoes
CG3559,Eezay Soft Thong Sandals
CP9430,FortaRun X Cool Shoes
CP9874,Eezay Soft Thong Sandals
CQ0050,AltaSwim Sandals
CQ0054,AltaSwim Sandals
CQ2409,X_PLR Shoes
CQ2410,X_PLR Shoes
DB0226,FortaRun Cool Shoes
DB1154,Questar CC Shoes
DB1155,Questar CC Shoes
DB1159,Questar CC Shoes
DB1252,Adizero Prime Parley Shoes
DB1299,Questar CC Shoes
DB1305,Questar CC Shoes
DB1306,Questar CC Shoes
CZ5943,adidas x UNDEFEATED Running Half-Zip
CZ5944,adidas x UNDEFEATED Running Half-Zip
CZ5951,adidas x UNDEFEATED Alphaskin Tech 3/4 Tee
CZ5952,adidas x UNDEFEATED Alphaskin Tech 3/4 Tights
CE3712,Fashion League Rib Shorts
CE5504,Fashion League Tee
CE1656,Fashion League Tee
CE3714,Fashion League Rib Top
CE3721,Fashion League Track Pants
CE3727,Fashion League Track Jacket
CE5495,Fashion League Cropped Back Sweater
CE5501,Fashion League Shorts
CE5502,Fashion League Windbreaker
CE5503,Fashion League Tank Top
CE1610,NMD Shorts
CE1612,NMD Tee
CE1613,NMD Tee
CE1627,NMD Allover Print Tee
CE1628,NMD Allover Print Tee
CE1630,NMD Tee
CE2453,NMD Shorts
CV5730,NMD Track Pants
CV5812,NMD Tee
CV5815,NMD Crew Sweatshirt
CV5821,NMD Coach Shirt Jacket
CE1958,adidas Z.N.E. Crop Top
CE1966,adidas Z.N.E. Tank Top
CE4260,adidas Z.N.E. Hoodie 2.0
CG2176,adidas Z.N.E. Pants
CD7808,4KRFT Climacool Shorts
CE0324,FreeLift Climacool Tee
CE0862,FreeLift Climacool Tee
CE0866,FreeLift Climacool Tee
CE4061,FreeLift Climacool Tee
CG1181,Supernova TKO Climacool Tank Top
CG1183,Supernova TKO Climacool Tank Top
CE3934,Don't Rest Alphaskin Sport Padded Bra
CE3946,Alphaskin Sport Short Tights
BQ7272,Supernova Tee
CD3074,Two-in-One Shorts
CD3085,Boxy Light Tank
CD3130,Believe This Regular-Rise Climachill Tights
CD4664,ID Mesh Crop Top
CD8300,Tango Jersey
CD8324,Tango Training Shorts
CD8411,3-Stripes Leggings
CE0378,Club Tank Top
CE0387,Roland Garros Skirt
CE0388,Roland Garros Tank Top
CE0404,3-Stripes Club Tee
CE0406,3-Stripes Club Shorts
CE0889,FreeLift Prime Tee
CE0890,FreeLift Prime Tee
CE1095,GRPHC Tank Top
CE1118,GRPHC Shorts
CE1121,GRPHC AOP Leggings
CE1412,Roland Garros Shorts
CE1416,Club Polo Shirt
CE1418,Club Polo Shirt
CE1480,Club Polo Shirt
CE1484,Club Tank Top
CE1489,Club Skirt
CE1493,Club Tee
CE1496,Club Shorts
CE2343,Germany Jersey
CE3500,adidas Athletics x Reigning Champ Tee
CE3509,adidas Athletics x Reigning Champ Shorts
CE3520,ID 3-Stripes Tee
CE4076,GRPHC Tee
CE4350,GRPHC SST Track Suit
CE4360,GRPHC Tee
CE4368,GRPHC Shorts and Tee Set
CE4370,GRPHC Tee
CE4384,GRPHC Jumpsuit
CE6654,Argentina 3-Stripes Track Jacket
CF0339,ID Shorts
CF1029,Response 3/4 Graphic Tights
CF1734,Germany Tee
CF1736,Spain Tee
CF2145,Response Tee
CF2147,Response Tee
CF2160,M10 Chill Shorts
CF2167,M10 Shorts
CF2467,Germany 3-Stripes Track Jacket
CF2469,Germany 3-Stripes Tee
CF2502,ID Reversible Shorts
CF2667,ID Guru Pants
CF2668,ID Glory Hoodie
CF3099,BB Dennis Photo Tee
CF3105,Floral Pocket Tee
CF3797,Tank Top
CF3909,Tee
CF4416,Climalite Burnout Tank Top
CF4417,Climalite Burnout Tank Top
CF5827,Clima 2.0 Haven Tee
CF5844,BB Floral Tee
CF5845,BB Dancer Tee
CF6391,ID Stadium Hoodie
CF6392,ID Stadium Hoodie
CF6398,ID Stadium Pants
CF6512,Essentials Logo Tee
CF6718,ID Stadium Hoodie
CF6721,ID Stadium Hoodie
CF6723,ID Stadium Pants
CF6724,ID Stadium Pants
CF7124,Training Tee
CF7158,Training Gear Up Tee
CF7174,Training Gear Up 3 Stripes Tight
CF7184,Training Marathon Shorts
CF8528,GRPHC BB Track Jacket
CF8530,GRPHC Pants
CF9537,Sport ID Bomber Jacket
CF9538,Sport ID Pocket Tee
CF9539,Sport ID Pocket Tee
CF9547,Sport ID Colorblock Tee
CF9548,Sport ID Colorblock Tee
CF9872,Response Shorts
CG0972,ID Winners Tee
CG0976,ID Winners Tee
CG0982,ID Winners Muscle Tee
CG1012,ID Shorts
CG1019,adidas Athletics x Reigning Champ Tee
CG1023,ID Crop Tank Top
CG1028,ID Glory Hoodie
CG1084,Supernova 37c Tee
CG1085,Supernova 37c Tee
CG1107,adidas Athletics x Reigning Champ Shorts
CG1117,Supernova 37c Tank Top
CG1126,Supernova 37c Tee
CG1165,Supernova Tee
CG1167,Supernova Print Shorts
CG1805,Tango Climalite Jersey
CG1811,Tango Training 3/4 Pants
CG2095,ID Stadium Tee
CG2096,ID Stadium Tee
CG2097,ID Stadium Tee
CG2120,ID Reversible Shorts
CG2121,ID Hoodie
CG2122,ID Chelsea Shorts
CG2125,ID Jersey Tank Top
CG2126,ID Jersey Tank Top
CG2197,Supernova Tee
CV4401,Roland Garros Climachill Tee
CV4542,ID Lineage Tee
CV4543,ID Lineage Tee
CV4709,Wanderlust Yoga Halter Bra
CV4710,Wanderlust Yoga Crop Top
CV4712,Wanderlust Yoga Two-in-One Tank Top
CV4713,Wanderlust Yoga Tank Top
CV4715,Wanderlust Tank Top
CV4717,Wanderlust Onesie
CV5789,Wanderlust Tank Top
CV6874,Digital Monogram 3-Stripes Tee
CV7023,Leggings
CV7064,Wanderlust Yoga Crop Top
CV7087,Wanderlust High-Rise Printed Yoga Tights
CV7088,Wanderlust High-Rise Printed Yoga Tights
CV8449,Believe This High-Rise Printed Capri Tights
CV8753,Polo Tank Top
CV8755,Polo Tank Top
CV8759,Printed Polo Shirt
CV8760,Printed Polo Shirt
CV8761,Printed Polo Shirt
CV8781,Printed Shorts
CV8782,Printed Shorts
CV8783,Printed Shorts
CV9064,Climacool Tee
CV9065,Climacool Tee
CV9072,Climacool Tee
CV9290,Digital Monogram 3-Stripes Tee
CV9843,Tango Graphic Jersey
CW1511,Polo Tank Top
CW1512,Polo Tank Top
CW1517,Climacool Dress
CW1648,Wanderlust Yoga Halter Bra
CW1654,Wanderlust Yoga Tank Top
CW1658,Wanderlust 3/4 Tights
CW1659,Wanderlust Yoga Tights
CW1670,Wanderlust Twist-n-Turn Wrap
CW1671,Wanderlust Onesie
CW1786,Germany Tee
CW1984,Spain Tee
CW1985,Argentina Tee
CW2066,Germany Tee
CW2069,Spain Tee
CW2070,Argentina Tee
CW2350,Clima 3.0 Tee
CW3228,Response Tee
CW3441,FreeLift Gradient Tee
CW3451,Gradient Mlange Tee
CW3906,Supernova TKO Two-in-One UV Tee
CW3913,Supernova TKO Two-in-One UV Tee
CX4354,Shorts
CX4355,Shorts
CX4356,Shorts
DQ1418,ID Tee
DQ1420,ID Jacket
DQ1421,ID Jacket
DQ1422,ID 7/8 Tights
DQ1423,ID 7/8 Tights
DQ1424,ID Tank Top
DQ1425,ID Tank Top
DQ1426,ID Pants
DQ1427,ID Pants
DQ1428,ID Camouflage Jacket
DQ1429,ID Camouflage Jacket
DT8276,Tights
DT8277,Graphic Cropped Tee
DT8279,Longline Tee
DT8282,Tank Top
DT8284,SST Track Jacket
DT8287,No-Shoulder Dress
DT8289,Shorts
DT8290,Bra
DT8292,Cropped Hoodie
CE2362,adidas NMD Backpack
CE2376,adidas NMD Pouch Bag
CE5637,Top Backpack
CE5638,Mini Classic Backpack
CE5648,Waist Bag
CE5649,Pouch Bag
CF4928,Germany 3-Stripes Cap
CF4993,Argentina 3-Stripes Cap
CF5008,Linear Performance Shoe Bag
CF5162,Japan 3-Stripes Cap
CF6822,Summer Cap
CF6889,Neopark Mix Backpack
CF6892,Webbing Team Bag Backpack
CG0488,Core Backpack
CG0489,Core Backpack
CG0494,3-Stripes Power Backpack Medium
CV4247,ID Convertible Graphic Tote Bag
CV4251,ID Graphic Duffel Bag
CW0118,Wanderlust Sea Sack
CW1693,Backpack
DT6280,CAP
DT6296,3D Roll Top Backpack
DT6298,SHOPPER
DT9190,Classic Backpack
AC7366,Pharrell Williams Hu Holi Tennis Hu MC Shoes (1 Pair Per Customer)
CQ2630,Pharrell Williams Tennis Hu Primeknit Shoes (1 Pair Per Customer)
CQ2631,Pharrell Williams Tennis Hu Primeknit Shoes (1 Pair Per Customer)
CQ2007,NMD_R2 Shoes
CQ2008,NMD_R2 Shoes
CQ2009,NMD_R2 Shoes
CQ2010,NMD_R2 Shoes
CQ2012,NMD_R1 Shoes
CQ2401,NMD_R2 Shoes
CQ2402,NMD_R2 Shoes
CQ2414,NMD_R1 Shoes
CQ2444,NMD_R1 Primeknit Shoes
CQ2445,NMD_R1 Primeknit Shoes
BB6145,Ultraboost Laceless Shoes
BB6223,Ultraboost Laceless LTD Shoes
BB6180,Ultraboost Shoes
BB6264,Ultraboost Parley Shoes
CP9251,Ultraboost Shoes
CQ2136,Ultraboost ST Shoes
DB1958,Ultraboost Parley Shoes
CP8775,Ultraboost Shoes
DB1429,Ultraboost Shoes
BB6265,Ultraboost X Shoes
BB6158,Ultraboost X Shoes
CQ0009,Ultraboost X Shoes
DA9162,Ultraboost Uncaged Shoes
DA9165,Ultraboost Uncaged Shoes
DA9596,Ultraboost Uncaged Shoes
AC8703,Prophere Shoes
AC8721,Prophere Shoes
CQ2624,Deerupt Runner Shoes
AC8466,Deerupt Runner Shoes
CQ2625,Deerupt Runner Shoes
CQ2626,Deerupt Runner Shoes
CQ2909,Deerupt Runner Shoes
CQ2910,Deerupt Runner Shoes
DA9977,Alphabounce 1 EM LTD Shoes
DB1314,Alphabounce 1 EM LTD Shoes
AH2122,Harden Vol. 2 Shoes
AH2217,Harden Vol. 2 Shoes
BB6698,Doom Sandals
CQ2483,Tubular Doom Sock Primeknit Shoes
CQ2484,Tubular Doom Sock Primeknit Shoes
BB6744,Campus Stitch and Turn Shoes
BB6745,Campus Stitch and Turn Shoes
CQ2471,Campus Stitch and Turn Shoes
CQ2472,Campus Stitch and Turn Shoes
CQ2740,Campus Stitch and Turn Shoes
CQ2231,Superstar 80s Primeknit Shoes
CQ2232,Superstar 80s Primeknit Shoes
AC8710,EQT Bask ADV Shoes
CQ2158,EQT ADV Racing Shoes
CQ2250,EQT Support ADV Shoes
CQ2393,EQT Support 93/17 Shoes
CQ2394,EQT Support 93/17 Shoes
CG5800,Cloudfoam Ultimate Shoes
DA9306,Cloudfoam Racer TR Shoes
DB0660,Cloudfoam Racer TR Shoes
DB0693,Cloudfoam Racer TR Shoes
DB0875,Cloudfoam Ultimate Shoes
DB0876,Cloudfoam Ultimate Shoes
BB6281,Pureboost Shoes
BB6287,Pureboost Shoes
BB6288,Pureboost Shoes
F33691,Pureboost XG Shoes
BB6087,Pureboost X Element Shoes
CG3522,Pureboost X TR 3.0 LL Shoes
BB6708,Gazelle Stitch and Turn Shoes
BB6709,Gazelle Stitch and Turn Shoes
BB6756,Gazelle Stitch and Turn Shoes
BB6757,Gazelle Stitch and Turn Shoes
CQ0985,Crazy 1 Sock ADV Primeknit Shoes
CM7818,Barricade 2018 Shoes
CM7829,Barricade 2018 Boost Shoes
AC7658,Crazytrain Elite Shoes
AC8590,Adizero Sub 2 Shoes
BB6240,CrazyTrain Pro Shoes
BB6421,adizero Boston 6 Shoes
BB6441,adizero Adios 3 Shoes
CG2679,FortaGym Shoes
CG2680,FortaGym Shoes
CG3467,CrazyTrain Elite Shoes
CG3474,Crazytrain Pro 3 Shoes
CG3478,CrazyTrain Pro 3.0 TRF Shoes
CG3479,CrazyTrain Pro 3.0 TRF Shoes
CG3485,Crazytrain Pro 3.0 TRF Shoes
CG3491,Crazytrain LT Shoes
CG3496,CrazyTrain LT Shoes
CM7921,Adissage Slides
CP8921,Adizero Prime Boost LTD Shoes
CP8922,Adizero Prime LTD Shoes
CP9390,Crazytrain Elite Shoes
CP9391,Crazytrain Elite Shoes
CP9392,Crazytrain Elite Shoes
CP9539,Energy Boost Shoes
CP9949,AltaSport Shoes
CP9950,AltaSport Shoes
CP9988,FortaRun Shoes
CQ0147,RapidaRun Shoes
CQ0176,FortaRun Shoes
CQ0178,FortaRun Shoes
CQ1970,FLB_Runner Shoes
CQ1971,FLB_Runner Shoes
DA8680,FortaGym Shoes
DA9131,Adipure SP Shoes
DB0239,VS Advantage Clean Shoes
DB1307,Questar Ride Shoes
DB1308,Questar Ride Shoes
DB1309,Questar Ride Shoes
DB1568,Questar Drive Shoes
DB1692,Questar Drive Shoes
DB1694,Questar Drive Shoes
DB1695,Questar Drive Shoes
DB1696,Questar Drive Shoes
F33746,Adipure SP Shoes
F33734,Crossknit 2.0 Shoes
F33730,Tour360 EQT Boa Shoes
CW9413,Pharrell Williams Hu Holi Windbreaker
CW9415,Pharrell Williams Hu Holi Tee
CW9417,Pharrell Williams Hu Holi Shorts
CE4133,CLRDO Tee Dress
CF9880,Ultra Graphic Jacket
CE0865,FreeLift Climacool Tee
CD3200,Climachill Polo Shirt
CE0371,Climachill Polo Shirt
CE1442,Climachill Polo Shirt
CE1444,Climachill Polo Shirt
CE1462,Climachill Polo Shirt
CE1463,Climachill Polo Shirt
BQ3050,XBYO Tee
BQ3080,XBYO Crew Sweatshirt
BQ3091,XbyO Hoodie
CE6600,Germany Tee
CE6602,Germany Tee
CE6614,Germany Training Pants
CE6632,Germany Pre-Match Jersey
BR3144,Germany Away Replica Jersey
BR3146,Germany Away Replica Jersey
BR3150,Germany Away Replica Shorts
CF1546,Argentina Home Pre-Match Jersey
CF2640,Argentina Polo Shirt
BQ9341,Argentina Away Replica Jersey
CD8565,Argentina Away Replica Jersey
CE8811,Spain Polo Shirt
BR2694,Spain Away Replica Jersey
BR2697,Spain Away Replica Jersey
BR9067,Russia Away Replica Jersey
CF1547,Japan Home Pre-Match Jersey
BR3627,Japan Away Replica Jersey
CE8666,Japan adidas Z.N.E. Jacket
CE7336,Dame Tee
CE7339,Dame Tee
CE7343,Dame Logo Tee
CE7349,Dame Dolla Two-in-One Shorts
CF3591,Dame Logo Tee
CE1390,Barricade Tee
CE1391,Barricade Bermuda Shorts
CF5614,Primeknit Wool Dip-Dye Tee
CF5996,Ultra Primeknit Parley Tank Top
CF6003,Ultra Primeknit Wool Tee
CF6028,Ultra Primeknit Parley Tee
CF9616,Primeknit Wool Dip-Dye Tee
BQ0804,Tee
BQ5802,PRIME TEE MIX
BR0715,Response Hooded Wind Jacket
BR9837,Tee
CD2819,Essentials Classics 3-Stripes Tee
CD3213,M10 Icon Shorts
CD4768,M10 Energized Boost Shorts
CD6388,Stronger For It Soft Printed Bra
CD6418,Two-in-One Shorts
CD6859,EQT Hoodie
CD7775,Sport ID Tights
CD7782,Sport ID Crop Tank Top
CD7789,Sport ID Tee
CD7844,Workout Hoodie
CE0835,Freelift Fitted Elite Tee
CE0837,Freelift Fitted Elite Tee
CE1742,CLRDO Tee
CE1744,CLRDO Sweatshirt
CE1747,CLRDO Mesh Leggings
CE1938,Essentials 3-Stripes Chelsea Shorts
CE2398,SST Track Jacket
CE2414,Trefoil Hoodie
CE3538,M10 Energized Boost Shorts
CE4120,Essentials Linear Slim Tank Top
CE4718,4KRFT Ultralight Shorts
CE4881,CLRDO Tank Top
CE5583,Trefoil Tank Top
CE7281,Response Tee
CF1033,Response Light Speed Tank Top
CF1034,Response Light Speed Tank Top
CF1439,Sport ID Crop Tank Top
CF1443,Essentials Allover Print Tights
CF2106,Response Tee
CF2111,Response Light Speed Tank Top
CF2162,M10 Pure Xpose Shorts
CF2906,Supernova TKO Graphic Shorts
CF4423,Prime Tank Top
CF4442,FreeLift Fitted Tee
CF5974,Supernova TKO Graphic Shorts
CF5979,Supernova TKO UV Tee
CF5980,Supernova TKO UV Tee
CF6225,Response Shorts
CF6254,Response Short Tights
CF6621,Little Kids Full Zip Hoodie
CF6622,Little Kids Full Zip Hoodie
CF6624,Linear Sweat Pants
CF6625,Linear Sweat Pants
CF7169,Training Full Zip Hoodie
CF7220,Training Prime Tee
CF7254,Essentials Performance Logo Tee
CF8824,Essentials Logo Tank Top
CF8829,Essentials Linear Loose Tee
CF8830,Essentials Linear Loose Tee
CF9541,Sport ID Shorts
CF9554,SID Athletics Logo Shorts
CF9557,Sport ID Tee
CF9558,Sport ID Tee
CF9869,Response Shorts
CG0940,Ultimate Climalite Long Tights
CG1180,Supernova TKO Two-in-One UV Tee
CG2390,Sport ID Colourblock Tee
CV4502,Fade-Out Tee
CV4505,Fade-Out Tee
CV4516,Emblem Tee
CV4518,Emblem Tee
CV4521,3-Stripes Tee
CV4522,3-Stripes Tee
CV4532,Stadium Tee
CV4533,Stadium Tee
CV4554,3-Stripes Tee
CV4561,Foil Badge of Sport Tee
CV4565,Foil Badge of Sport Tee
CV5791,CLRDO Windbreaker
CV5792,CLRDO Shorts
CV5793,CLRDO Skirt
CV5801,CLRDO Tee
CV6944,Tee
CV6946,Tee
CV6980,Sweatshirt
CV7746,Tee
CV8726,Climacool Polo Shirt
CV8728,Climacool Polo Shirt
CV8729,Climacool New York Polo Shirt
CV8730,Climacool New York Polo Shirt
CV8734,Climacool Polo Shirt
CV8735,Climacool Polo Shirt
CV8736,Climacool Polo Shirt
CV8767,Climacool LA Polo Shirt
CV8768,Climacool LA Polo Shirt
CV8769,Climacool LA Polo Shirt
CV8770,Climacool Paris Polo Shirt
CV8771,Climacool Paris Polo Shirt
CV8772,Climacool Paris Polo Shirt
CV8794,Climacool 3-Stripes Skort
CV9259,Tee
CV9354,Tee
CV9356,Tee
CV9592,Material Mix Leggings
CV9894,Trefoil Tee
CW0488,Believe This High-Rise Booty Shorts
CW1222,Football Jersey
CW1300,Football Shorts
CW1316,Trefoil Coach Jacket
CW1499,Climacool Shorts
CW1506,Polo Shirt
CW1507,Polo Shirt
CW1533,Climacool Skirt
CW1535,Climacool Skirt
CW2533,PLGN Tee
CW3434,FreeLift Gradient Tee
CW3443,FreeLift Gradient Tee
CW4765,Polo Shirt
CW4766,Polo Shirt
CW4767,Polo Shirt
CW4961,CLRDO Sweatshirt
CW5111,PLGN Shorts
CW5113,PLGN Tee
CW5172,Tee
CW5173,Tee
CW5174,Tee
CW5175,Tee
CX1894,Trefoil Tee
CY4765,3-Stripes Shorts
CW1530,Climacool Vented Skort
CW1531,Climacool Vented Skort
CW1532,Climacool Vented Skort
CF4941,Germany Backpack
CF4965,Spain Backpack
CF5168,Japan Backpack
CD8502,Germany Glider Ball
CE2349,Waist Bag
CE2350,Street Backpack
CE2390,Cap
CE2391,adidas NMD Day Backpack
CE5624,adidas NMD Running Cap
CF3293,3-Stripes Backpack
CF4934,Germany Water Bottle 750 ml
CF4937,Germany Shoe Bag
CF4956,Spain Water Bottle 750 ml
CF4961,Spain Shoe Bag
CF5024,Sports Gym Sack
CF8307,Adicross Textured Belt
CF9090,Trail Bottle 750 ML
CG0485,ID Backpack
CG0496,3-Stripes Power Backpack Medium
CG0497,3-Stripes Power Backpack Medium
CQ2029,NMD_R1 STLT Primeknit Shoes (1 Pair Per Customer)
CQ2030,NMD_R1 STLT Primeknit Shoes (1 Pair Per Customer)
CQ2032,NMD_Racer Primeknit Shoes
CQ2040,NMD_R1 Primeknit Shoes
CQ2041,NMD_R1 Primeknit Shoes
CQ2388,NMD_R1 STLT Primeknit Shoes (1 Pair Per Customer)
CQ2389,NMD_R1 STLT Primeknit Shoes (1 Pair Per Customer)
CQ2403,NMD_R2 Shoes
CQ2404,NMD_R2 Shoes
CQ2442,NMD_Racer Primeknit Shoes
DA9613,Pharrell Williams Hu Holi Tennis Hu BC Shoes (1 Pair Per Customer)
BB6137,Ultraboost Laceless Shoes
BB6146,Ultraboost Laceless Shoes
BB6131,Ultraboost All Terrain Shoes
BB6151,Ultraboost Shoes
CP9248,Ultraboost Shoes
CP9249,Ultraboost Shoes
CP9250,Ultraboost Shoes
BB6155,Ultraboost X Shoes
BB6159,Ultraboost X Shoes
BB6221,Ultraboost X LTD Shoes
BB6267,Ultraboost X Shoes
BB6269,Ultraboost X Mid Shoes
CM7884,Ultraboost X Shoes
CQ2126,Prophere Shoes
CQ2127,Prophere Shoes
CQ2541,Prophere Shoes
CQ2542,Prophere Shoes
CQ2128,Prophere Shoes
DA9160,Ultraboost Uncaged Shoes
DA9163,Ultraboost Uncaged Shoes
CQ0409,Alphabounce 1 Chinese New Year Shoes
AH2124,Harden Vol. 2 Shoes
CQ0942,Tubular Doom Sock Primeknit Shoes
CQ0943,Tubular Doom Sock Primeknit Shoes
CQ2508,Tubular Dawn Shoes
CQ2509,Tubular Dawn Shoes
CQ3012,Tubular Viral 2.0 Shoes
CQ3009,Superstar 80s Half Heart Shoes
AH2129,EQT Bask ADV Shoes
CQ2156,EQT ADV Racing Shoes
CQ2159,EQT ADV Racing Shoes
CQ2243,EQT ADV Racing Primeknit Shoes
CQ2244,EQT ADV Racing Primeknit Shoes
CQ2251,EQT Support ADV Shoes
CQ2361,EQT Bask ADV Shoes
CQ2362,EQT Bask ADV Shoes
CQ2376,EQT Cushion ADV Shoes
CQ3004,EQT Support ADV Shoes
CQ3005,EQT Support ADV Shoes
DB0401,EQT Support ADV Shoes
F33731,Tour360 EQT Boa Shoes
F33732,Tour360 EQT Boa Shoes
AC7353,EQT Bask ADV Shoes
BB6293,Pureboost DPR Shoes
BB6294,Pureboost DPR Shoes
CQ2021,Swift Run Shoes
CQ2022,Swift Run Shoes
CQ2600,Swift Run Shoes
CM7298,Element V Shoes
DB0694,Cloudfoam Pure Shoes
DB0695,Cloudfoam Pure Shoes
DB0940,Element V Shoes
DB1165,Cloudfoam Pure Shoes
DB0705,Cloudfoam Pure Shoes
DB1769,Cloudfoam Pure Shoes
CQ3053,Climacool 02/17 Shoes
CQ3054,Climacool 02/17 Shoes
BB6282,Pureboost Shoes
BB6283,Pureboost Shoes
BB6084,Pureboost X Element Shoes
BB6086,Pureboost X Element Shoes
BB6224,Pureboost X LTD Shoes
CP8933,Nemeziz 17.1 Firm Ground Boots
CP8953,Copa 18.2 Firm Ground Boots
AH2076,Crazy 1 ADV Primeknit Shoes
CQ1012,Crazy 1 Sock ADV Primeknit Shoes
CQ2846,Crazy 8 ADV Shoes
CQ2489,I-5923 Shoes
BB6416,adizero Boston 6 Shoes
CG3411,Adilette Cloudfoam Plus Explorer Slides
CG3413,Adilette Cloudfoam Plus Cork Slides
CG3448,adidas Athletics 24/7 TR Shoes
CM7596,Terrex Tracerocker GTX Shoes
CP8923,Adizero Prime Boost LTD Shoes
CP9510,Adilette Cloudfoam Plus Cork Slides
CP9870,adidas Athletics 24/7 TR Shoes
DB0444,Cloudfoam Racer TR Shoes
DB1341,Questar Ride Shoes
DB1342,Questar Ride Shoes
DB1344,Questar Ride Shoes
DB1369,Questar Ride Shoes
DB1560,Questar Drive Shoes
DB1561,Questar Drive Shoes
DB1562,Questar Drive Shoes
DB1592,Lite Racer BYD Shoes
DB1595,Lite Racer BYD Shoes
DB1600,Lite Racer BYD Shoes
S80977,adilette Cloudfoam Plus Mono Slides
S82137,adilette Cloudfoam Plus Mono Slides
CW9407,Pharrell Williams Hu Holi Track Jacket
CD7736,NEIGHBORHOOD Riders Track Jacket
CW0458,Styling Complements Ribbed Pants
CF5138,Ultra Primeknit Parley Tank Top
CG1094,Supernova Tee
CE7305,Harden Tee
CE7307,Harden Tee
CE7313,Harden Slogan Tee
CE7325,Harden Shorts
CD8032,EQT Tee
CD8424,EQT Long Tee
CD6891,EQT Tee
BQ7042,adidas Z.N.E. Striker Pants
CE1945,W ZNE Hd Rev
CE1962,adidas Z.N.E. Tee
CG2183,adidas Z.N.E. T-Shirt Wool
CF1463,adidas Z.N.E. Long Tee
CF1465,adidas Z.N.E. Singled Out Bomber Jacket
CF0652,adidas Z.N.E. Singled Out Bomber Jacket
CF0654,adidas Z.N.E. Reversible Hoodie
CF1448,adidas Z.N.E. Primeknit Sweatshirt
CF6456,adidas Z.N.E. Tee
CF9280,Yoga Comfort Tights
CE3964,Alphaskin Sport 3/4 Tights
CE4043,FreeLift Climachill Tee
CE4044,FreeLift Climachill Tee
CE4059,FreeLift Climacool Tee
CE4727,4KRFT Climachill Shorts
CE1680,Styling Complements SST Jacket
CE2478,Nova Wind Pants
CE2481,Nova Windbreaker
CE4802,Nova Hoodie
BK7415,Essentials 3-Stripes Pants
BP8622,Essentials 3-Stripes Hoodie
CD3075,Two-in-One Printed Shorts
CD3125,Ultimate Climalite 3/4 Tights
CD3126,Ultimate Climalite 3/4 Tights
CD3477,Polo Shirt
CD3994,Polo Shirt
CD6400,All Me Printed Bra
CD7827,Climacool Workout Pants
CD8307,Tango Climalite Jersey
CD9786,FreeLift Climacool Tee
CD9788,FreeLift Textured Tee
CD9791,Freelift Elite Tee
CD9971,3-Stripes Polo Shirt
CD9976,3-Stripes Tournament Polo Shirt
CD9978,3-Stripes Tournament Polo Shirt
CE0426,Adipure Shorts
CE0813,Freelift Elite Tee
CE0817,Freelift Climachill Tee
CE0818,Freelift Climachill Tee
CE0851,FreeLift Textured Tee
CE0885,FreeLift Prime Tee
CE3068,Essentials 3-Stripes Polo Shirt
CE3170,Ultimate Shorts
CE3932,Alphaskin Sport Padded Bra
CE4006,Prime Tank Top
CE4736,4KRFT Gradient Shorts
CE4801,Nova Hoodie
CE4901,Tango Symbol Tee
CF0327,ID Mesh Tights
CF0329,ID Reversible Sweatshirt
CF0337,ID Stadium Pants
CF0340,ID Stadium Shorts
CG1178,Supernova TKO Two-in-One UV Tee
CG1185,Supernova TKO Xpose Graphic Glide Shorts
CG1497,4KRFT Gradient Shorts
CG1864,Tango Jersey
CG2098,ID Stadium Crewneck Sweatshirt
CG2105,ID Washed Pants
CG2109,ID Big Logo Tee
CG2129,ID Knit Striker Pants
CV3757,ID Tights
CV3770,FreeLift Chill Tee
CV4544,Tiny Graphic Tee
CV4586,ID Lineage Tee
CV4587,ID Lineage Tee
CV6724,ID Chevron Tee
CV6963,Logo Tee
CV7020,Tee
CV7021,Tee
CV7718,MVP Shooter Hoodie Vol. 2
CV8128,Leggings
CV8426,Believe This High-Rise Heathered Tights
CV8448,Believe This High-Rise Printed Capri Tights
CV8716,Climacool Polo Shirt
CV8717,Climacool Polo Shirt
CV8718,Climacool Polo Shirt
CV8719,Polo Shirt
CV8721,Polo Shirt
CV8722,Polo Shirt
CV8723,SS POLO
CV8724,SS POLO
CV8738,Jacket
CV8740,Pants
CV8742,Pants
CV8743,Printed Pants
CV8745,Printed Pants
CV8763,SL POLO
CV8764,SL POLO
CV8774,JACKET
CV8780,PANTS
CV8786,Skort
CV8787,Skort
CV8788,Skort
CV8789,Skort
CV8817,Climacool Polo Shirt
CV8818,Climacool Polo Shirt
CV8823,Climacool Polo Shirt
CV8825,Climacool Polo Shirt
CV8828,SS POLO
CV8830,SS POLO
CV8831,SS POLO
CV8843,Climacool Pants
CV9201,Tee
CV9202,Tee
CV9315,Logo Tee
CV9844,Tango Graphic Jersey
CW0259,ID Stadium Jacket
CW1521,COOLING TOP
CW1522,COOLING TOP
CW1528,Climacool Skirt
CW3437,FreeLift Gradient Tee
CW4732,Polo Shirt
CW4734,SS POLO
CW4735,SS POLO
CW4738,SS POLO
CW4739,SS POLO
CW4746,Pants
CW4749,Printed Pants
CW4757,SHORT
CW4762,Polo Shirt
CW4764,Polo Shirt
CW4782,SKORT
CY4727,Adipure Shorts
DM9546,ID Pants
DM9547,ID Tee
DM9548,ID Tee
DM9550,ID Bomber Jacket
DM9551,ID Tee
DM9552,ID Tee
DM9554,ID Hoodie
DM9556,ID Pants
DN9077,Printed Windbreaker
DN9083,Hooded Sweatshirt
DN9084,Track Pants
DN9086,Football Tee
DN9091,Printed Tee
DN9092,Tonal Tights
DN9096,Boyfriend Tee
DN9101,Crew Sweatshirt
S98787,Essentials 3-Stripes Hoodie
BP9260,Essentials Logo Tank Top
CD9973,3-Stripes Tournament Polo Shirt
CE0424,Adipure Shorts
CE0425,Adipure Shorts
CE3162,3-Stripes Polo Shirt
CE4671,Polo Shirt
CW0514,Ultimate Shorts
DN9099,Printed Bomber Jacket
DN9102,SST Track Jacket
CE2458,adidas Athletics x Reigning Champ Shorts
DN9087,Reversible Bomber Jacket
CE3164,Polo Shirt
CE3485,adidas Athletics x Reigning Champ Tee
CF2494,ID Striker Pants
CF2499,ID Striker Pants
CF2514,ID Stadium Shorts
CF2517,ID Stadium Tee
CF2661,ID Tank Top
CF3401,All Me Printed Bra
CF3798,Chill Tank Top
CF3800,Chill Tank Top
CF3811,Boxy Light Tank
CF4424,Prime Tank Top
CF4437,FreeLift Chill Tee
CF6027,Ultra Primeknit Parley Tee
CF6242,Ultimate High-Rise Printed Tights
CF6390,ID Stadium Tee
CF6399,ID Stadium Pants
CF6508,Essentials Logo Tee
CF6513,Essentials Logo Tee
CF6519,Essentials Logo Tee
CF6720,ID Stadium Hoodie
CF6739,ID Winner Tee
CF6740,ID Winner Tee
CF6761,ID Lineage Tights
CF7081,Training Gear Up Tee
CF7095,Training Cool Tee
CF7102,Training Cool Short
CF7110,Training Fading Mlange Tee
CF7112,Training Knit Tee
CF7113,Training Knit Tee
CF7118,Training Hero Shorts
CF7157,Training Gear Up Tee
CF7181,Training Tights
CF7189,Training Wow Tank Top
CF7197,Training Branded Tights
CG0934,Ultimate High-Rise Printed Tights
CG0974,ID Winners Tee
CG0980,ID Winners Muscle Tee
CG1000,ID Logo Tee
CG1002,ID Logo Tee
CG1006,ID Tank Top
CG1013,ID Stadium Hoodie
CG1014,ID Stadium Hoodie
CG1016,ID Stadium Pants
CG1090,Supernova Tee
CG1113,How We Do 7/8 Printed Tights
CG1143,SUPERNOVA DUAL SHORT MEN
CG1150,Supernova Singlet
CG1176,Supernova TKO Long Tights
CD6288,PERF BOTTLE 750ML
CD6290,PERF BOTTLE 750ML
CD6949,EQT Classic Cap
CD6950,EQT Contrast Seam Five-Panel Cap
CD6951,EQT Street Backpack
CD6952,EQT Four-Panel Cap
CD6953,EQT Crossbody Bag
CE2344,EQT Classic Backpack
CE2345,EQT Classic Backpack
CE5557,EQT Crossbody Bag
CE5567,EQT Gym Sack
CE5568,EQT Crossbody Bag
CE5636,Utility Bag
CG2325,Bonded Cap
CV4132,C40 Climachill Cap
CV4133,C40 Climachill Cap
CV4920,Power Pocket 18 Small Backpack
CV4921,Power Pocket 18 Small Backpack
CV5077,Convertible 3-Stripes Duffel Bag Medium
CW1185,Predator Glider Ball
CW1703,Harden Cap
DP0222,Pouch
CF1197,UCL Finale Kiev Capitano Ball
CF1203,UCL Finale Kiev Official Match Ball
CF3270,Convertible Training Duffel Bag Small
CF3281,Convertible 3-Stripes Duffel Bag Extra Small
CF3287,3-Stripes Gym Bag
CF3292,3-Stripes Backpack
CF3294,Convertible 3-Stripes Duffel Bag Small
CF4869,H90 Logo Cap
CF4870,H90 Logo Cap
CF4874,H90 Logo Cap
CF5018,Performance Logo Gym Bag
CF6833,Crossbody Backpack
CF6834,Crossbody Backpack
CF6848,Neocity Backpack
CF6850,Neocity Backpack
CF6860,Daily XL Backpack
CF6862,Daily XL Backpack
CF6913,Classic Six-Panel Cap
CG0486,ID Backpack
CQ2028,NMD_R1 STLT Primeknit Shoes
CQ2386,NMD_R1 STLT Primeknit Shoes
CQ2387,NMD_R1 STLT Primeknit Shoes
CQ2441,NMD_Racer Primeknit Shoes (1 Pair Per Customer)
DA8834,UA&SONS NMD R2 Shoes (1 Pair Per Customer)
DA9089,UA&SONS NMD CS2 PK Shoes
BB6171,Ultraboost Shoes
CM7886,Ultraboost Uncaged Shoes
CQ3024,Prophere Shoes
DB1430,Ultraboost Uncaged Shoes
DB1431,Ultraboost Uncaged Shoes
DB1982,Prophere Shoes
BB6273,Ultraboost Uncaged Shoes
DB1118,Alphabounce Beyond Shoes
DB1126,Alphabounce Beyond Shoes
CQ0777,Alphabounce Space Dye Shoes
CQ0944,Tubular Doom Sock Primeknit Shoes
CQ0945,Tubular Doom Sock Primeknit Shoes
DB0546,Campus Shoes
DB0982,Campus Shoes
DB0983,Campus Shoes
DB0984,Campus Shoes
DB1018,Campus Shoes
DB1019,Campus Shoes
DB1351,Campus Shoes
CQ2517,Superstar BW Slip-on Shoes
CQ2518,Superstar BW Slip-on Shoes
DB2569,Superstar 80s CNY Shoes
AQ0351,Superstar White Mountaineering Shoes
AQ0352,Superstar White Mountaineering Shoes
AC7354,EQT Bask ADV Shoes
CQ2995,EQT Bask ADV Shoes
DB2541,EQT Support ADV CNY Shoes (1 pair per customer)
CQ2240,EQT Racing ADV Primeknit Shoes
CQ2993,EQT Bask ADV Shoes
CQ2994,EQT Bask ADV Shoes
CQ2996,EQT Bask ADV Shoes
CQ2998,EQT Support Mid ADV Primeknit Shoes
BB6291,Pureboost DPR Shoes
BB6290,Pureboost DPR Shoes
F33688,Climacool Knit Shoes
F33689,Climacool Knit Shoes
BB6279,Pureboost Shoes
BB6280,Pureboost Shoes
CP9326,Pureboost Shoes
CP9327,Pureboost Shoes
BB6278,Pureboost Shoes
BB6277,Pureboost Shoes
BY8926,Pureboost X Shoes
BY8927,Pureboost X Shoes
BY8928,Pureboost X Shoes
CG3524,Pureboost X TR 3.0 LL Shoes
CM7410,Predator 18.1 Firm Ground Boots
CP8873,Predator 18.1 Firm Ground Boots
CM7666,Predator 18.2 Firm Ground Boots
CM7667,Predator 18.3 Firm Ground Boots
CP9011,Predator 18.3 Firm Ground Boots
CP9040,Predator Tango 18.3 Turf Boots
CP9930,Predator Tango 18.3 Turf Boots
CP9161,X 17.1 Firm Ground Boots
CP9187,X 17.2 Firm Ground Boots
CP8991,X 17.3 Firm Ground Boots
CP9025,X Tango 17.3 Turf Boots
CP9136,X Tango 17.3 Turf Boots
CP9192,X 17.3 Firm Ground Boots
CP8971,Nemeziz 17.2 Firm Ground Boots
CP8987,Nemeziz 17.3 Firm Ground Boots
CP9100,Nemeziz Tango 17.3 Turf Boots
CP9166,Nemeziz 17.3 Firm Ground Boots
CP9238,Nemeziz Tango 17.3 Turf Boots
CM7663,Copa 18.1 Firm Ground Boots
CM7814,Barricade Court 3 Shoes
CM7816,Barricade Court 3 Shoes
CM7819,Barricade 2018 Shoes
DB1570,Barricade 2018 Boost Shoes
DB1746,Barricade Court Shoes
AP9966,Adilette Cloudfoam Plus Stripes Slides
AP9971,Adilette Cloudfoam Plus Stripes Slides
AW4880,VS Advantage Clean Shoes
AW4884,VS Advantage Clean Shoes
CG3445,CrazyMove Shoes
CG3447,CrazyMove Shoes
CG4019,Supernova Shoes
CG4705,Edge Lux 2.0 Shoes
CM7525,Cyprex Ultra II Sandals
CM7757,Approach Shoes
CP8741,Duramo 8 Shoes
CP8742,Duramo 8 Shoes
CP8750,Duramo 8 Shoes
CP8752,Duramo 8 Shoes
CP9378,Beach Thong 2.0 Sandals
CP9379,Beach Thong 2.0 Sandals
CP9512,adipure 360.4 Shoes
CP9514,adipure 360.4 Shoes
CP9965,Fortaplay Shoes
CP9967,Fortaplay Shoes
CP9968,Fortaplay Shoes
CP9987,FortaRun Shoes
CP9989,FortaRun Shoes
CQ0028,AltaRun Shoes
CQ0029,AltaRun Shoes
CQ0031,AltaRun Shoes
CQ0032,AltaRun Shoes
CQ0047,AltaSwim Sandals
CQ0053,AltaSwim Sandals
CQ0122,Star Wars RapidaRun Shoes
CQ0125,Star Wars RapidaRun Shoes
CQ0146,RapidaRun Shoes
CQ0148,RapidaRun Shoes
CQ0172,FortaRun Shoes
CQ0173,FortaRun Shoes
CQ0177,FortaRun Shoes
CQ1722,FortaRun X Shoes
CQ2449,FortaRun X Shoes
DA9603,AltaSwim Sandals
DA9663,AltaSwim Sandals
DA9716,Spider-Man RapidaRun Shoes
DA9916,Aerobounce PR Shoes
DA9941,Edge Lux 2.0 Shoes
DA9942,Edge Lux 2.0 Shoes
DB0025,VL Court 2.0 Shoes
DB0215,RapidaRun Knit Shoes
DB0220,RapidaRun Knit Shoes
DB0229,FortaRun Shoes
DB0676,Cloudfoam Swift Racer Shoes
BB6735,Rapidarun Uncaged Shoes
F33782,adipower Bounce Wide Shoes
F33789,Powerband Boa Boost Wide Shoes
DA9230,Adicross Classic Shoes
F33760,Adicross Classic Shoes
DA9111,adipower Boost Boa Shoes
F33573,Adicross Bounce Boa Shoes
F33651,adipower Boost Boa Shoes
F33742,adicross bounce Boa
F33776,360 Traxion Wide Shoes
CD8402,EQT Dress
CE1060,EQT Windbreaker
CE1134,EQT Windbreaker
CE1135,EQT Crew Set
CE4352,EQT SST Track Suit
CF8536,EQT Henley Shirt
CF8541,EQT Drop-Crotch Pants
CD6840,EQT 18 Pants
CD6844,EQT 18 Tee
CD6862,EQT Pants
CD6885,EQT Skirt
CE2232,EQT Bold 2.0 Track Jacket
CE3790,EQT Tee
CE3794,EQT Hoodie
CV7778,EQT Sweatshirt
CW4874,EQT PDX Classic Tee
CV9893,Trefoil Tee
CW1251,BB Track Jacket
CW1270,BB Track Pants
CX1895,Trefoil Tee
CE2394,SST Track Jacket
CE2401,SST Track Pants
CE2402,SST Track Pants
CE2409,Trefoil Hoodie
CV8643,Trefoil Warm-Up Crew Sweatshirt
CV9890,Trefoil Tee
CW0703,Trefoil Tee
CW0705,Trefoil Tee
CW1242,Trefoil Warm-Up Hoodie
CW1278,SST Track Pants
CW1307,3-Stripes Swim Shorts
CW1312,SST WINDBREAKER
CW1285,Adibreak Snap Pants
BQ7002,adidas Z.N.E. Striker Pants
CD7807,4KRFT Climacool Shorts
CD7839,Climacool Textured Hoodie
CE0861,FreeLift Climacool Tee
CE0867,FreeLift Climacool Tee
CE4062,FreeLift Climacool Tee
CF7065,Climacool Textured Hoodie
CG1499,4KRFT Climacool Shorts
CG1506,Climacool Workout Pants
CD7136,Alphaskin 360 Tee
CD7137,Alphaskin 360 Long Tights
CE0747,Alphaskin 360 Tights
CE0748,Alphaskin 360 Tee
CE0749,Alphaskin Tech Tights
CE0762,Alphaskin Tech Padded Bra
CD3111,Alphaskin 360 Tee
CD9718,Alphaskin Sport Padded Bra
CD9757,Alphaskin Sport Short Tights
CE2585,Alphaskin Sport Heather Tee
CE3939,Alphaskin Sport Heathered Padded Bra
CF6550,Alphaskin 360 Tights
CF6551,Alphaskin Tech Tights
CF6554,Alphaskin Sport Tights
CF6556,Alphaskin Sport 3/4 Tights
CF6570,Stronger For It Soft Bra
CF6591,Alphaskin Tech Padded Bra
CF7155,Alphaskin 360 Long Tights
CF7163,Alphaskin 360 Tee
CF7204,Alphaskin Sport Bra
CF7235,Alphaskin Sport Tee
CF7267,Alphaskin Sport Tee
CF7299,Alphaskin Sport Short Tights
CF7331,Alphaskin Sport 3/4 Tights
CF7339,Alphaskin Sport Long Tights
CG1133,Supernova Pure Tee
BP5467,Essentials 3 Stripes Shorts
BQ2878,Training Gear Up Linear Tight
BQ5799,PRIME TEE MIX
BQ7723,Supernova Storm Jacket
CD3067,Climalite Performance Sweatshirt
CD3081,Climalite Burnout Tank Top
CD3103,FreeLift Fitted Tee
CD3274,Melbourne Shorts
CD5105,M10 Icon Shorts
CD6413,Two-in-One Shorts
CD6927,Tights
CD7474,Club Polo Shirt
CD7783,Sport ID Crop Tank Top
CD7787,Sport ID Crop Tank Top
CD7788,Sport ID Tee
CD7814,4KRFT Prime Shorts
CD8439,Trefoil Tee
CD8440,Trefoil Tee
CD8441,Trefoil SST Track Suit
CD8443,Trefoil SST Track Suit
CD9738,FreeLift Prime Tee
CE0594,Supernova Tee
CE0888,FreeLift Prime Tee
CE1069,GRPHC Hooded Cropped Tee
CE1080,BB Shorts
CE1119,GRPHC Culotte Pants
CE1120,GRPHC AOP Leggings
CE1130,Shorts and Tee Set
CE1420,Colorblock Club Polo Shirt
CE1422,Colorblock Club Polo Shirt
CE1425,3-Stripes Club Tee
CE1429,Colorblock Club Tee
CE1431,3-Stripes Club Shorts
CE1434,Bermuda Club Shorts
CE1479,Club Polo Shirt
CE1488,Club Skirt
CE1494,Club Tee
CE1500,Melbourne Hosenrock Shorts
CE1931,Essentials Chelsea Short
CE1977,SST Track Suit
CE1978,SST Track Suit
CE1997,Trefoil Tee
CE2013,M10 Icon Shorts
CE2014,M10 Icon Shorts
CE2032,3-Stripes Club Tee
CE2033,3-Stripes Club Shorts
CE2392,SST Track Jacket
CE2408,Trefoil Hoodie
CE2412,Trefoil Hoodie
CE2593,Stronger For It Soft Bra
CE4316,Trefoil Tee
CE4319,Trefoil Tee
CE4708,Hooded Workout Track Jacket
CE4729,4KRFT Tech Shorts
CE5422,FreeLift Prime Tee
CE5578,Trefoil Tank Top
CE7279,Response Singlet
CF1433,Sport ID Tights
CF1438,Sport ID Slim Joggers
CF1440,Sport ID Tee
CF3097,BB Warp Tee
CF3110,Shmoo Tee
CF3113,Clima 3.0 Warp Tee
CF3133,BB Warp Hoodie
CF3402,Strappy 3-Stripes Bra
CF3778,Twist-n-Turn Wrap
CF3816,Climalite Knot Tank Top
CF3817,Climalite Knot Tank Top
CF4028,How We Do 7/8 Printed Tights
CF4043,PRIME TEE MIX
CF4418,Climalite Burnout Tank Top
CF4444,FreeLift Fitted Tee
CF4529,FreeLift Prime Tee
CF5841,Warp Tee
CF5971,Supernova TKO Graphic Tights
CF6505,Essentials Logo Tee
CF6545,Essentials Linear Tee
CF6608,Little Boys Cotton Tee
CF6611,Little Girls Cotton Tee
CF6613,Little Girls Knitted Short
CF6619,Little Kids Linear Tee
CF6628,Little Kids Linear Summer Set
CF6629,Little Kids Linear Summer Set
CF7082,Training Gear Up Tee
CF7097,Training Cool Tee
CF7098,Training Cool Tee
CF7101,Training Cool Short
CF7165,Training Cool Tee
CF7172,Training Cool Short
CF7185,Training Marathon Shorts
CF7186,Training Marathon Shorts
CF7196,Training Branded Tee
CF7198,Training Branded Tights
CF7199,Training Knit Tights
CF7213,Training Bra Top
CF7255,Essentials Performance Logo Tee
CF8545,Trefoil Tee
CF8546,Trefoil Tee
CF8547,Trefoil Tee
CF8552,SST Track Jacket
CF8554,SST Track Jacket
CF8555,SST Track Jacket
CF8558,SST Pants
CF8561,SST Pants
CF8563,SST Pants
CF8810,Essentials Linear Loose Tank Top
CF8842,Essentials 3 Stripes Closed Hem Slim Pants
CF8844,Essentials 3-Stripes Hoodie
CF8869,Essentials Linear Tights
CF8870,Essentials Linear Tights
CF8872,Essentials Linear Tights
CF9540,Sport ID Shorts
CF9562,SID Athletics Logo Shorts
CG0197,Training Sweatshirt
CG0478,Supernova Tee
CG0481,Supernova Tee
CG0482,Supernova Tee
CG1079,How We Do 3/4 Tights
CG1098,Supernova Pure Dress
CG1102,How We Do Long Tights
CG1106,Supernova Tank Top
CG1112,How We Do 7/8 Printed Tights
CG1132,Supernova Pure Tee
CG1146,Supernova Shorts
CG1160,Supernova Tee
CG1161,Supernova Tee
CG1169,Supernova Pure Shorts
CG1170,Supernova Pure Shorts
CG1494,4KRFT Tech Shorts
CG1501,4KRFT Prime Shorts
CG1508,Prime Workout Pants
CG1514,Workout Hoodie
CG1803,Tango Shorts with Tights
CV4506,Badge of Sport Tee
CV4507,Badge of Sport Tee
CV4523,adidas Athletics Photo Tee
CV4524,adidas Athletics Photo Tee
CV4562,Foil Badge of Sport Tee
CV4563,Foil Badge of Sport Tee
CV4693,Polo Shirt
CV6977,Tee
CV6979,Track Pants
CV7026,Logo Tee
CV8812,Polo Shirt
CV8972,Advantage Shorts
CV9177,Logo Tee
CV9306,Track Pants
CV9373,Tee
CV9888,Trefoil Tee
CV9892,Trefoil Tee
CW0479,Believe This High-Rise Capri Tights
CW0487,Believe This High-Rise Booty Shorts
CW0490,Believe This High-Rise Mesh Tights
CW0709,Trefoil Tee
CW0710,Trefoil Tee
CW1211,Trefoil Oversize Tee
CW1212,Trefoil Oversize Tee
CW1229,3-Stripes Tee
CW1256,SST Track Jacket
CW1275,SST Track Pants
CW2336,BB Solid Tee
CW2339,BB Solid Tee
CW2340,BB Solid Tee
CW2358,Trefoil Solid Hoodie
CW3435,FreeLift Gradient Tee
CW3439,FreeLift Gradient Tee
CW3826,Essentials Performance Logo Tee
CW4776,Pants
CW4777,Pants
CW5076,Trefoil Leggings
CY5839,Big Trefoil Tee
S97065,Essentials 3-Stripes Hoodie
CF7887,3-Stripes Polo Shirt
CF7895,3-Stripes Polo Shirt
CF9334,3-Stripes Polo Shirt
CW2351,Clima 3.0 Tee
CW2355,Clima 3.0 Hoodie
CW2356,Clima 3.0 Hoodie
CF8811,Essentials Linear Loose Tank Top
CE4118,Essentials Linear Slim Tank Top
CF6226,Response Shorts
CV8709,SS POLO
CV8710,SS POLO
CV8746,SHORT
CV8747,SHORT
CD3386,Ultimate 365 Heather Block Polo Shirt
CE4324,EQT Tee Short Set
BR5051,Performance Logo Gym Bag
CD6283,Trail Bottle 750 ML
CD6289,PERF BOTTLE 750ML
CD6291,Yoga Mat
CE8085,FIFA World Cup Competition Ball
CE8097,FIFA World Cup Glider Ball
CE8098,FIFA World Cup Glider Ball
CE8100,FIFA World Cup Glider Ball
CE8137,FIFA World Cup Street Sala Ball
CE9981,Tango Sala Ball
CF3286,3-Stripes Gym Bag
CF3290,3-Stripes Backpack
CF3296,Convertible 3-Stripes Duffel Bag Small
CF3358,Climacool Running Cap
CF3360,Climalite Running Cap
CF3390,Performance Invisible Socks 3 Pairs
CF3997,Favorite Convertible Tote
CF4906,ID Tote Bag
CF5025,Sports Gym Sack
CF5210,Run Belt
CF5215,Running Gym Bag
CF5233,Run Belt Plus
CF6133,Yoga Mat
CF6136,Climalite Versatile Gloves
CF6137,Climacool Performance Gloves
CF6145,Steel Water Bottle 750 ML
CF6277,Tennis Wristband Large
CF6278,Tennis Wristband Large
CF6279,Tennis Wristband Small
CF6280,Tennis Wristband Small
CF6914,Classic Six-Panel Cap
CF6916,Six-Panel Classic 3-Stripes Cap
CF6918,Climalite Visor
CF6920,Climalite Visor
CF8994,Women Six-Panel Cap
CF8996,Women Six-Panel Cap
CF9008,Classic Backpack
CF9627,Climacool Running Cap
CF9628,Climacool Running Cap
CF9629,Climalite Running Cap
CF9630,Climalite Running Cap
CG0491,Core Backpack
CG0493,3-Stripes Power Backpack Medium
CG0498,3-Stripes Power Backpack Medium
CG1517,ID Duffel Bag
CG1518,ID Tote Bag
CG1528,Convertible Training Duffel Bag Small
CG1529,Convertible Training Duffel Bag Medium
CG1531,Convertible 3-Stripes Duffel Bag Extra Small
CG1532,Convertible 3-Stripes Duffel Bag Small
CG1533,Convertible 3-Stripes Duffel Bag Medium
CG1534,Convertible 3-Stripes Duffel Bag Large
CG1780,C40 Climalite Cap
CG1781,C40 Climalite Cap
CG1782,C40 3-Stripes Climalite Cap
CG1784,C40 3-Stripes Climalite Cap
CG2655,Alphaskin Lightweight Cushioning Ankle Socks
CV5084,Climacool Running Cap
CV6371,Run Waist Bag
CV7428,Alphaskin Lightweight Cushioning Crew Socks
CV7693,Alphaskin Lightweight Cushioning No-Show Socks
CV7695,Alphaskin Lightweight Cushioning Ankle Socks
CW0631,Classic Backpack
CW0633,Classic Backpack
CW0636,Classic Backpack
CW0754,Run Reflective Cap
S98150,Classic Six-Panel Cap
CW0634,Classic Backpack
BY3011,NMD_C2 Shoes
BY9924,NMD_XR1 Shoes (1 Pair Per Customer)
BY9925,NMD_XR1 Shoes (1 Pair Per Customer)
BY3018,NMD_CS2 Primeknit Shoes
CQ2038,NMD_CS2 Primeknit Shoes
CQ2385,NMD_R1 STLT Primeknit Shoes
CQ2399,NMD_R2 Shoes
CQ2400,NMD_R2 Shoes
CQ2411,NMD_R1 Shoes
BY8908,AW SKATE Shoes
CM7823,AW BBALL Shoes
CM7824,AW BBALL Shoes
BY8907,AW SKATE Shoes
BY8909,AW SKATE Shoes
CM7826,AW RUN Shoes
CM7827,AW RUN Shoes
BZ0515,NMD_CS2 Primeknit Shoes
BY9915,NMD_R2 Shoes
BY9406,NMD_CS2 Primeknit Shoes
BY3012,NMD_CS2 Primeknit Shoes
BY3013,NMD_R1 Primeknit Shoes
BZ0219,NMD_R1 Primeknit Shoes
BY8781,NMD_CS2 Primeknit Shoes (1 pair per customer)
BY8782,NMD_R2 Primeknit Shoes (1 pair per customer)
BY9922,NMD_XR1 Shoes (1 pair per customer)
BY9923,NMD_XR1 Shoes (1 pair per customer)
CG3601,NMD_R1 Primeknit Shoes (1 pair per customer)
BW1126,NMD_R1 Primeknit Shoes (1 Pair Per Customer)
S82035,Ultraboost All Terrain Shoes
DB0181,EQT Support Ultra Primeknit King Push Shoes
CG3001,UltraBOOST ATR LTD Shoes
CG3002,UltraBOOST ATR LTD Shoes
BB6135,Ultraboost Laceless Shoes
CQ0010,Ultraboost Laceless Shoes
BY1674,UltraBOOST X Shoes
S80616,UltraBOOST ST Shoes
S82058,UltraBOOST Shoes
S80620,UltraBOOST ST Shoes
BB6136,Ultraboost Laceless Shoes
BB6141,Ultraboost Laceless Shoes
BB6311,Ultraboost Laceless Shoes
CP9252,Ultraboost Laceless Shoes
CG2977,UltraBOOST X Shoes
CG2978,UltraBOOST X Shoes
BB6128,Ultraboost All Terrain Shoes
BY8924,Ultraboost X All Terrain Shoes
BY2566,UltraBOOST Uncaged Shoes
CG4095,UltraBOOST Uncaged Shoes
BB6149,Ultraboost Shoes
BB6166,Ultraboost Shoes
BB6167,Ultraboost Shoes
BB6168,Ultraboost Shoes
BB6170,Ultraboost Shoes
BB6308,Ultraboost Shoes
CQ2134,Ultraboost ST Shoes
CQ2144,Ultraboost ST Shoes
CQ2146,Ultraboost ST Shoes
BB6161,Ultraboost X Shoes
BB6162,Ultraboost X Shoes
DA9157,Ultraboost Uncaged Shoes
DA9164,Ultraboost Uncaged Shoes
DB1132,Ultraboost Uncaged Shoes
DB1133,Ultraboost Uncaged Shoes
CQ2379,EQT Cushion ADV Shoes
CQ2380,EQT Cushion ADV Shoes
DA9533,EQT Cushion ADV Shoes
CQ2374,EQT Cushion ADV Shoes
CQ2114,Swift Run Shoes
CQ2115,Swift Run Shoes
CQ0299,EQT Support ADV Parley Shoes (1 Pair Per Customer)
AC7804,EQT Support ADV Parley Shoes (1 Pair Per Customer)
BY9510,EQT Support 93/17 Shoes
BY9511,EQT Support 93/17 Shoes
B27136,Superstar Foundation Shoes
C77124,Superstar Shoes
B27140,Superstar Foundation Shoes
BA8378,Superstar Foundation Shoes
BZ0418,Superstar Shoes
BY8858,PureBOOST DPR Shoes
CP8928,EQT Support ADV Shoes
CP9558,EQT Support ADV Shoes
DB1444,EQT Support 93/17 GTX Shoes
BY4264,alphabounce EM Shoes
CQ1763,White Mountaineering Campus Shoes
CQ1764,White Mountaineering Campus Shoes
B74255,Cloudfoam Super Daily Shoes
BB9624,Cloudfoam Advantage Clean Shoes
CG5764,Cloudfoam Racer TR Shoes
CG3668,Boston Super Primeknit Shoes
BB6303,Pureboost DPR LTD Shoes
S80783,PureBOOST ATR Shoes
AW4294,Cloudfoam Advantage Shoes
BB9848,Cloudfoam QT Racer Shoes
CG2989,PureBOOST ATR Shoes
S80787,PureBOOST ATR Shoes
CG2990,PureBOOST ATR Shoes
CG2994,PureBOOST DPR LTD Shoes
S80733,PureBOOST DPR Shoes
S80734,PureBOOST DPR Shoes
BY2551,UltraBOOST Uncaged Shoes
BC0034,Cloudfoam Ultimate Shoes
CG3528,Pureboost X TR 3.0 Shoes
BB5476,Gazelle Shoes
S76228,Gazelle Shoes
S76227,Gazelle Shoes
CQ2809,Gazelle Shoes
BB6354,Predator 18.1 Firm Ground Boots
BY3759,Dame 4 - Rip City Shoes
BY4496,Dame 4 - Legacy Shoes
BW1518,Dame 4 - Dame Time
CQ1395,Crazy Explosive 2017 Primeknit Shoes
BY4468,Crazy Explosive 2017 Primeknit Shoes
G64392,Energy Boost Shoes
CG3972,Energy Boost Shoes
F99253,VS Advantage Clean Shoes
078260,Adissage Slides
BA7849,AltaSwim
BA7868,AltaSwim
BA9281,AltaSwim
BA9282,AltaSwim
BA9288,AltaSwim
BA9289,AltaSwim
BB1095,Adilette Cloudfoam Plus Mono Slides
BA7897,AltaRun Shoes
BA9428,AltaRun Shoes
AW4883,VS Advantage Clean Shoes
BA7920,FortaGym Shoes
BA9455,AltaSport Shoes
BA9524,AltaSport Shoes
BA9526,AltaSport Shoes
BA9541,AltaSport Shoes
S82055,UltraBOOST Shoes
BA8762,Aqualette Slides
BA8229,adizero Primeknit Shoes
CG3128,FortaPlay Shoes
S81106,FortaPlay Shoes
S81107,FortaPlay Shoes
BB3641,Vengeful Shoes
BB3646,Vengeful Shoes
BB0507,Eezay Soft Thong Sandals
BB0509,Eezay Soft Thong Sandals
BZ0057,Samba OG Shoes
BZ0058,Samba OG Shoes
BY9879,X_PLR Shoes
CG4022,Supernova Shoes
CG4028,Supernova ST Shoes
CG4041,Supernova Shoes
CQ2406,X_PLR Shoes
CQ2884,adilette Play Slides
CQ2964,X_PLR Shoes
DB1539,Questar BYD Shoes
DB1540,Questar BYD Shoes
DB1691,Questar BYD Shoes
V24242,adilette Play Sandals
CQ2405,X_PLR Shoes
BR9247,AW Windbreaker
BS2996,AW Rev Bomber
BS2998,AW Rev Bomber
BS3012,AW Inout Shorts
BS3015,AW Inout Shorts
BS3017,AW Inout Crew
BS3018,AW Inout Crew
CE2500,AW Inout Zip Up
CE2501,AW Inout Zip Up
CE2502,AW Inout Jogger
CE2503,AW Inout Jogger
BQ9797,AW Soccer Jersey
BQ9798,AW Soccer Jersey
BR0232,AW Soccer LS
BR0233,AW Soccer LS
BR0236,AW Soccer LS
BR0238,AW Soccer Shorts
BR0239,AW Soccer Shorts
BR0243,AW Soccer Shorts
BR9229,AW Soccer Shorts
BR9234,AW Soccer LS
CF1083,AW Jacquard TT
CF1084,AW Jacquard TT
CF1085,AW Jacquard TP
CF1086,AW Jacquard TP
BP6680,AW Patch TP
BP6685,AW Patch Coat
BP6689,AW Patch Jacket
BR0216,AW Velour Polo
BR0217,AW Velour Polo
BR0225,AW Velour LS
BR0227,AW Velour LS
BR0230,AW Velour LS
BR6214,AW Velour Polo
BR6217,AW Velour Polo
BR9239,AW Velour LS
BR9240,AW Velour LS
CE2497,AW Logo Crew
BQ7267,Supernova Tee
CE9482,Pharrell Williams Hu Hiking Tee
CE9484,Pharrell Williams Hu Hiking Hooded Sweatshirt
CE9486,Pharrell Williams Hu Hiking Cargo Pants
CY7490,Pharrell Williams Hu Hiking Pants
CY7517,Pharrell Williams Hu Hiking Logo Tee
CY7991,Pharrell Williams Hu Hiking Tights
CY7485,Pharrell Williams Hu Hiking Slim Dress
CY7521,Pharrell Williams Hu Hiking Camo Pants
CE9483,Pharrell Williams Hu Hiking Racer-Back Tank Top
CE9485,Pharrell Williams Hu Hiking Leggings
BQ4107,White Mountaineering
BQ4094,White Mountaineering
BQ4127,White Mountaineering
BQ4069,White Mountaineering
CF0636,adidas Z.N.E. 36 Hours Hoodie
BQ6925,adidas Z.N.E. Hoodie 2.0
BR1933,adidas Z.N.E. Hoodie 2.0
BR6816,adidas Z.N.E. Pants
CF1466,adidas Z.N.E. Primeknit Pants
BQ6928,adidas Z.N.E. Hoodie
BR1919,adidas Z.N.E. Pants
BQ7234,Supernova Long Tights
BQ8460,Germany Home Replica Jersey
BQ8463,Germany Home Replica Shorts
BQ8465,Germany Home Replica Shorts
CE7673,adidas Z.N.E. Field Shorts
BQ9283,Argentina Home Replica Shorts
BR2711,Spain Home Replica Shorts
BR2713,Spain Home Replica Jersey
CX5355,Spain Home Replica Jersey
BR9055,Russia Home Replica Jersey
BR3644,Japan Home Replica Jersey
BP8732,Essentials Base Chelsea Shorts
BP8735,Essentials Base Chelsea Shorts
BR3606,Japan Home Replica Jersey
S17593,Sport Essentials Chelsea Shorts
B47364,Essentials Tank Top
B45780,Essentials Logo Shorts
B47359,Essentials 3-Stripes Tee
BK7468,Essentials 3 Stripes Shorts
BK7469,Essentials 3 Stripes Shorts
BQ0759,Essentials 3-Stripes Chelsea Shorts
S97162,Essentials Logo Shorts
S98716,Essentials Classics 3-Stripes Tee
S98717,Essentials Classics 3-Stripes Tee
S98724,Essentials Box Logo Tee
S98751,Essentials Classics Polo Shirt
S98755,Essentials Classics Polo Shirt
B47701,Response Wind Jacket
BK3472,Essentials Linear Tee
BP8585,Essentials Linear Tights
S98722,Essentials Classics 3-Stripes Tee
S98738,Essentials Classics Tee
N65854,Japan Rose Checked Print Short Sleeve Shirt
N65856,Japan Rose Checked Print Short Sleeve Shirt
N65866,Japan Chambray Pants
N65869,Japan Chambray Pants
N65877,Japan Argyle Short Sleeve Shirt
N65879,Japan Argyle Short Sleeve Shirt
N65880,Japan Numbering Short Sleeve Polo
N67703,Japan Stretch Pants
N67707,Japan Monogram Print Shirt Sleeve Shirt
N67711,Japan Gradient Stripe Short Sleeve Shirt
N67712,Japan Gradient Stripe Short Sleeve Shirt
N67722,Japan London City Printed Shorts
N67724,Japan London City Printed Shorts
N67728,Japan Stretch Shorts
N67782,Japan Chambray Short Sleeve Shirt
N67785,Japan Chambray Short Sleeve Shirt
N67787,Japan Rose Checked Print Short Sleeve Shirt
N67788,Japan Rose Checked Print Short Sleeve Shirt
N67813,Japan Rose Checked Print Pleated Skirt
N67814,Japan Rose Checked Print Pleated Skirt
N67829,Japan Color Combination Short Sleeve Polo
N67831,Japan Color Combination Short Sleeve Polo
N67838,Japan Border Short Sleeve Half Zip Shirt
N67839,Japan Border Short Sleeve Half Zip Shirt
N67843,One Piece Japan Monogram Printed Short Sleeve Dress
N67856,Japan Monogram Printed Skirt
N67858,Japan Chambray Stretch Shorts
N67859,Japan Chambray Stretch Shorts
N67868,Japan London City Printed Short Sleeve Shirt
N67870,Japan London City Printed Short Sleeve Shirt
N67874,Japan Skirt
N67875,Japan London City Printed Shorts
N67878,Japan London City Printed Shorts
BR5226,All Me Seamless Bra
CD8839,Hooded Workout Track Jacket
BQ9513,ID Winners Tee
BS1157,CMMTTD Racer-Back Bra
S98788,Essentials 3-Stripes Hoodie
S98726,Essentials Box Logo Tee
S98786,Essentials 3-Stripes Hoodie
S97209,Essentials Linear Slim Tank Top
S98103,Response Wind Jacket
CD7070,Essentials 3-Stripes Pants
CD7078,Essentials 3-Stripes Pants
BQ7200,Supernova Split Shorts
BR4749,Sport ID Tee
CF1837,Essentials 3-Stripes Pants
CF2649,Essentials 3-Stripes Shorts
CD4864,Essentials Classics Tee
BQ7239,Supernova Shorts
BQ7207,Supernova Short Tights
BQ7195,Supernova Tee
BR5939,Supernova Storm Jacket
BQ7245,SUPERNOVA DUAL SHORT MEN
N66067,Japan Monogram Print Short Sleeve Shirt
N66068,Japan Monogram Print Short Sleeve Shirt
N66069,Japan Monogram Print Short Sleeve Shirt
N66070,Japan Color Block Short Sleeve Shirt
N66073,Japan Knit Short Sleeve Polo
N66075,Japan Knit Short Sleeve Polo
N66076,Japan Knit Short Sleeve Polo
N66078,Japan Sailing Print Short Sleeve Shirt
N66080,Japan Multi Stripe Short Sleeve Polo
N66081,Japan Multi Stripe Short Sleeve Polo
N66086,Japan Monogram Print Shorts
N66087,Japan Monogram Print Shorts
N66088,Japan Monogram Print Shorts
N66091,Japan Cropped Pants
N66093,Japan Sailing Print Shorts
N66095,Japan Sailing Print Shorts
N66099,Japan Monogram Print Short Sleeve Polo
N66100,Japan Monogram Print Short Sleeve Polo
N66107,Japan Stripe Short Sleeve Dress
N66110,Japan Sailing Print Shirt
N66116,Japan Multi Stripe Short Sleeve Shirt
N66117,Japan Multi Stripe Short Sleeve Shirt
N66118,Japan Monogram Print Skirt
N66119,Japan Monogram Print Skirt
N66123,Japan Easy Pants
N66124,Japan Color Block Skirt
N66097,Japan Color Block Short Sleeve Polo
N66098,Japan Color Block Short Sleeve Polo
BP8741,Essentials Base Stanford Pants
BK3496,Essentials Logo Tee
BQ2870,Training Gear Up Woven Long Short
BQ2873,Training Gear Up 3/4 Tight
BK0707,Training Gear Up Tee
BK7966,Two-in-One Mesh Shorts
BK7972,Two-in-One Mesh Shorts
BK0701,Club Tee
BS2665,Winter Track Pants
BS2672,Winter D-Tee
BS2653,Winter Shirt
BS2614,Winter Tee
BS2620,Winter Tee
BQ5898,Climacool Aeroknit Deep Armhole Tank Top
BQ5887,Cool Graphic Tank Top
BQ5895,Climacool Aeroknit Deep Armhole Tank Top
BQ5829,Prime Tee
BS2684,Winter D-Tee
BS4280,Crew Sweatshirt
BS4360,3-Stripes Leggings
BR5176,Corduroy Tee
BR9725,Dame Foundation Two-in-One Shorts
CD1728,Pullover Hoodie
BR1995,Dame Elevated Two-in-One Shorts
BR4999,Clima 3.0 Palm Tee
BR4927,Clima 3.0 Palm Hoodie
BR4990,Trefoil Palm Tee
BR3986,Football Jersey
BR4977,Palm Pocket Tee
CE3107,EQT Long Tee
CE3091,EQT Tee and Shorts Set
CE3099,EQT Tee
CE3147,EQT Track Top
BQ4355,EQT Tee and Leggings Set
BQ4016,EQT Leggings
BQ9509,ID Winners Tank Top
BQ4919,Club Tee
BQ3989,EQT Tee
BQ9521,ID Winners Muscle Tee
BR4056,ID Big Logo Tee
BR5920,Supernova Glide Shorts
CE6230,Essentials Badge Tee
S98750,Essentials Classics Polo Shirt
BQ2828,Essentials 3-Stripes Shorts
BP8738,Essentials Base Stanford Pants
BK7675,Performance Hoodie
BP9332,Little Kids Football Pant
S99701,adizero Sprintweb Three-Quarter Tights
BK3161,Response Astro Hoodie
CE7263,Response Tee
CE7283,Response Tee
CE7289,Response Tee
CF0333,ID Striker Pants
CF0334,ID Bomber Jacket
CF2102,Response Tee
CF2114,Response Cup Tank
CF2148,Response Tee
CF5478,Response 3-Stripes 3/4 Tights
CF6000,Ultra Primeknit Light Tee
CF6005,Ultra Primeknit Tights
CF6022,Ultra Primeknit Light Tee
CF6030,Ultra Primeknit Tights
CF6222,Response 3/4 Tights
CF6234,Response Short Tights
CF6237,Response Long Tights
CF6250,Response Long Tights
CF6257,Response Shorts
CF6401,ID Lightweight Tee
CG1017,ID Striker Pants
CG1818,Tango Jersey
CG2088,ID Stadium Jacket
CG2093,ID Stadium Pants
CG2100,ID Stadium Shorts
CV9841,Tango Graphic Jersey
CV9911,Tango Graphic Jersey
CV9954,Harden Logo Tee
CV9966,Harden Geeked Up Graphic Tee
CV9969,Dame Geeked Up Graphic Tee
CW0489,Believe This Solid Tights
CW4017,ID Stadium Crewneck Sweatshirt
S86606,ARM SLEEVE
B45743,Essentials Linear Loose Tank Top
BK0744,Training Gear Up Knit Short
BQ0762,Essentials Chelsea Short
S97155,Essentials Linear Tights
S98730,Essentials Classics Tee
S98731,Essentials Classics Tee
M73670,Japan adicross 3 stripes Short Sleeve Polo
M73671,Japan adicross 3 stripes Short Sleeve Polo
M73673,Japan adicross City Monogram Short Sleeve Polo
M73675,Japan adicross City Monogram Short Sleeve Polo
M73684,Japan adicross Long Pants
M73691,Japan adicross Mountain Monogram Short Sleeve Polo
M73692,Japan adicross Mountain Monogram Short Sleeve Polo
M73697,Japan adicross Mountain Pattern Short Sleeve Polo
M73698,Japan adicross Mountain Pattern Short Sleeve Polo
M73703,Japan adicross Stretch Checked Pants
M73716,Japan adicross Mountain Jacquard Short Sleeve Polo
M73717,Japan adicross Mountain Jacquard Short Sleeve Polo
M73722,Japan adicross Combination Border Short Sleeve Polo
M73723,Japan adicross Combination Border Short Sleeve Polo
M73724,Japan adicross Mountain Jacquard Shorts
M73725,Japan adicross Mountain Jacquard Shorts
M73740,Japan Short Sleeve Polo
M73747,Japan Short Sleeve Polo
M73749,Japan Short Sleeve Polo
M73751,Japan Shorts
M73753,Japan Shorts
M73828,Japan adicross Chest Logo Polo
M73829,Japan adicross Chest Logo Polo
M73835,Japan adicross Graphic Short Sleeve Polo Graphic S / S shirt
M73844,Japan adicross Skirt
M73846,Japan adicross Chambray Stretch Skirt
M73847,Japan adicross Chambray Stretch Skirt
M73858,Japan adicross Mountain Monogram Short Sleeve Polo shirt
M73859,Japan adicross Mountain Monogram Short Sleeve Polo shirt
M73870,Japan adicross Mountain Pile Jacquard Short Sleeve Polo
M73871,Japan adicross Mountain Pile Jacquard Short Sleeve Polo
M73877,Japan adicross Mountain Jacquard Stretch Skirt
M73879,Japan adicross Mountain Jacquard Stretch Skirt
M73891,Japan adicross Checked Print Short Sleeve Polo
M73910,Japan Short Sleeve Polo
M73911,Japan Short Sleeve Polo
M73916,Japan Dress
M73921,Japan Skirt
CE9546,White Mountaineering Beanie
BR1576,ID Backpack
BR1589,Core Backpack
BR7822,Germany Home Socks 1 Pair
CE8083,FIFA World Cup Official Match Ball
CE8091,FIFA World Cup Top Replique Ball
CE8096,FIFA World Cup Top Glider Ball
S20274,Trefoil Liner Socks 3 Pairs
AA2312,Performance No-Show Thin Socks 3 Pairs
AA2311,Performance No-Show Thin Socks 3 Pairs
AA2314,Performance no-show Thin 1pp
AA2315,Performance no-show Thin 1pp
AA2292,3S Performance Ankle Half cushioned 1pp
AA2301,3S Performance Crew Half cushioned 1pp
AA2286,3-Stripes Performance Ankle Socks 3 Pairs
AA2298,3-Stripes Performance Crew Socks
AA2285,3-Stripes Performance Ankle Socks 3 Pairs
AA2291,3S Performance Ankle Half cushioned 1pp
AA2297,3-Stripes Performance Crew Socks
AA2300,3S Performance Crew Half cushioned 1pp
BK0806,Six-Panel Classic 3-Stripes Cap
BK0808,Six-Panel Classic 3-Stripes Cap
BK5845,Sneaker Invisible Socks 1 Pair
BK5847,Sneaker Invisible Socks 1 Pair
BK6722,Trefoil Backpack
BK6723,Trefoil Backpack
BK6726,Trefoil Gym Sack
BK7308,Trefoil Trucker Cap
S96920,PERF BOTTLE 750ML
S97588,Bonded Cap
S98156,Six-Panel Classic 3-Stripes Cap
AE7929,3-Pack No show
BK6724,Trefoil Backpack
BK7271,Trefoil Classic Cap
BR6770,Trail Bottle 750 ML
S98151,Classic Six-Panel Cap
S99973,Linear Performance Shoe Bag
BR5864,3-Stripes Power Backpack Medium
BR7223,Media Arm Pocket
N66006,Japan Monogram Print Mesh Cap
N66011,Japan Monogram Print Mesh Visor
N66013,Japan Monogram Print Mesh Visor
N66016,Japan Sailing Mesh Cap
N66052,Japan Sailing Print Visor
N66054,Japan Hat
BR6708,Classic Five-Panel Climalite Cap
BS3873,Climacool Team Bag Medium
BS3882,Training Backpack
BR9668,Heritage Trucker Cap
BQ4358,EQT Tee and Shorts Set
BS4765,Tiro Shoe Bag
CD6579,Starlancer Ball
CD6580,Starlancer Ball
CD6581,Starlancer Ball
CD6974,Trefoil Classic Cap
CD6982,Trefoil Trucker Cap
CE5729,Trefoil Thin Ankle Socks 2 Pairs
CE8099,FIFA World Cup Glider Ball
CE8148,FIFA World Cup Sala Training Ball
CF2411,Ghost Lesto Shin Guards
CF2412,Ghost Lesto Shin Guards
CF2414,Ghost Lite Shin Guards
CF2416,Ghost Shin Guards
CF2421,Ghost Club Shin Guards
CF2422,Ghost Club Shin Guards
CF2430,Ghost Pro Shin Guards
CF2431,Ghost Pro Shin Guards
CF3332,Football Street Shoe Bag
CF3575,AdiSocks Knee Socks
CF3576,AdiSocks Knee Socks
CF3577,AdiSocks Knee Socks
CF3578,AdiSocks Knee Socks
CF5234,Climacool Running Visor
DN5622,Predator 18 Pro Junior Gloves
BC5626,AG Thintech 20-Piece Clamshell Cleats
BC5627,AG Thintech 20-Piece Clamshell Cleats
A10243,adidas Club Case
M72056,adidas Headcover
M72059,adidas Headcover
M72062,adidas Headcover
M72078,adidas Cart Bag
M72079,adidas Cart Bag
M72110,adidas Ladies Cart Bag
M72111,adidas Ladies Cart Bag
M72147,adidas Ladies Boston Bag
M72148,adidas Ladies Boston Bag
M72151,adidas 3 Stripe Club Case
M72152,adidas 3 Stripe Club Case
M73970,adicross Monogram Print Cap
M73980,adicross Logo Mesh Cap
N68663,adicross Ladies Hat
N68666,Ladies 2-way UV Visor
N68673,Ladies Compact Visor
N68680,Ladies Visor
B46133,Tiro Shoe Bag
AC7351,EQT Bask ADV Shoes
CQ2818,Stan Smith Shoes
CQ2819,Stan Smith Shoes
BZ0111,Superstar Slip-on Shoes
BZ0112,Superstar Slip-on Shoes
M20324,Stan Smith Shoes
M20327,Stan Smith Shoes
S75187,Stan Smith Shoes
M20326,Stan Smith Shoes
BA8375,Stan Smith Shoes
BZ0520,Stan Smith Shoes
CG3650,Stan Smith
BC0020,Cloudfoam Racer TR Shoes
AQ1622,Cloudfoam QT Flex Shoes
BQ3054,XBYO Tee
BQ3051,XBYO Tee
BQ3107,XbyO Sweat Pants
BR7843,Germany Home Replica Jersey
BQ9324,Argentina Home Replica Jersey
BB2093,I-5923 Shoes
G14309,Duramo Slides
G15890,Duramo Slides
G15892,Duramo Slides
B39821,Jawpaw Shoes
B44298,Duramo Slides
BZ0586,EQT Support 91/17 Shoes
S88113,Essentials 3-Stripes Chelsea Shorts
S21489,Crew Socks 3 Pairs
AJ5904,Milano 16 Socks 1 Pair
AJ5905,Milano 16 Socks 1 Pair
AJ5906,Milano 16 Socks 1 Pair
AC5262,Milano 16 Socks 1 Pair
AP7035,Everlesto Shin Guards
AP7036,Everlesto Shin Guards
S99770,Climacool Running Cap
S99776,Climalite Running Cap
S99777,Climalite Running Cap
S99769,Climacool Running Cap
BS1217,Manchester United Away Replica Jersey
BJ9048,Warp Knit Tee
BQ4466,Trail Bottle 750 ML
BR6776,PERF BOTTLE 750ML
BR6777,PERF BOTTLE 750ML
BY8992,FortaRun Shoes
AZ8059,Real Madrid Home Replica Jersey
S96350,Running Waist Bag
CE3611,Climachill Speed Stripes FreeLift Tee
BR2285,NGA Backpack
BR7837,Running Gym Bag
BR9741,Climacool Running Cap
BR9749,Climalite Running Cap
BQ7699,Supernova Singlet
BS1214,Manchester United Home Replica Jersey
AZ7584,Manchester United Home Replica Jersey
CE9551,adidas Z.N.E. T-Shirt Wool
CE9825,Little Boys Woven Longshort
BQ2292,Manchester United Track Jacket
BY2708,UltraBOOST X Shoes
BC0052,Cloudfoam Racer TR Shoes
BQ8040,Firebird Track Jacket
CD9066,Star Wars Tee
AC8774,EQT Cushion ADV Shoes
CD6235,Adibreak Track Pants
CD6354,Ultra Beyond the Run Jacket
CD8314,Tango Training Pants
CD8323,Tango Graphic Shorts
CD8372,Strappy Heather Bra
CE2198,ID Big Logo Tee
CE2225,EQT Shorts
CE2228,EQT Bold Tee
CE4172,Adibreak Tee
CE4174,Adibreak Tee
CE4810,Pipe Sweat Pants
CE4833,Pipe Sweatshirt
CE4900,Tango Symbol Tee
CF0342,ID 3-Stripes Tee
CF2107,Response Tee
CF2120,Response Tee
CF2171,M10 Shorts
CF6670,adidas Z.N.E. Tee
CF9876,Response Astro Wind Pants
CG0973,ID Winners Tee
CG1004,ID Tee
CG1010,ID Stadium Shorts
CG1021,ID Glory 7/8 Skinny Pants
CG1026,ID Mesh Tights
CG1838,Tango Training Shorts
CG1841,Tango Layered Jersey
CG2110,ID Lightweight Striker Pants
CG2189,Response Cooler Shorts
CG3472,Crazytrain Pro 3 Shoes
CP9538,Energy Boost Shoes
CQ1968,Flashback Shoes
CQ1969,Flashback Shoes
CQ2249,EQT Support ADV Shoes
CQ2396,EQT Support 93/17 Shoes
CV4539,ID Badge of Sport Tee
CV4545,Tiny Graphic Tee
CV4588,ID Badge of Sport Tee
CV8593,EQT PDX Classic Tee
DA9728,Alphabounce 1 Shoes
CG5512,Tubular Doom Sock Primeknit Shoes
CQ0940,Tubular Doom Sock Primeknit Shoes
CQ0941,Tubular Doom Sock Primeknit Shoes
AC8509,Prophere Shoes
AC6915,Alphabounce 1 Shoes
AC6918,Alphabounce 1 Shoes
AC6919,Alphabounce 1 Shoes
AP9970,Adilette Cloudfoam Plus Stripes Slides
BR1900,adidas Z.N.E. Slim Pants
BS4441,Manchester United Authentic Training Jersey
CD3096,Warp Knit Crop Top
CD3120,Warp Knit Tights
CD6424,Warp Knit Crop Top
CD6427,Warp Knit Tights
CD6903,Sweatshirt
CD6905,Tee
CD6908,Tee
CD6931,Hoodie
CD8287,Tango Windbreaker
CE1596,NMD Track Pants
CE1618,NMD Hoodie
CE1620,NMD Sweat Pants
CE1626,NMD Field Jacket
CE1971,adidas Z.N.E. Hoodie 2.0
CE2361,adidas NMD Backpack
CE4259,adidas Z.N.E. Hoodie 2.0
CE5104,adidas Z.N.E. Striker Pants
CE5616,adidas NMD Backpack
CG0475,Supernova Glide Shorts
CQ0776,Alphabounce Space Dye Shoes
CV5813,NMD Tee
CV5814,NMD Crew Sweatshirt
CV8814,Polo Shirt
CW1692,adidas NMD Gym Sack
DB1090,Alphabounce EM Shoes
DB1091,Alphabounce EM Shoes
DB1092,Alphabounce EM Shoes
BB6415,adizero Boston 6 Shoes
X20993,Adisocks 12
F33532,Jr. adicross V BKRD
F33536,Jr. adipower Boa DGBL
Q44747,W ADIPOWER BOOST BOA BK
Q44971,W adistar Lite Boa WHPK
Q44932,w climacross boost GR
Q44972,W ADIPOWER BOOST BOA WHNV
CI2911,ADIDAS ANKLE SOCKS
CI2912,ADIDAS ANKLE SOCKS
CI2942,ADIPURE WOMEN CREW SOCKS
BC7390,BONDDED SKIRT
BC7392,BONDDED SKIRT
BC7089,ALL OVER PRINT POLO
F33548,w climacool knit
G61069,Superstar 80s
AI0747,Court Short
BB0732,Terrex Climacool Jawpaw Lace Shoes
S97589,Bonded Cap
F33535,Jr. adipower Boa WHBK
Q44730,360 Traxion BOA WD
CV9436,Embellished Arts Sailor Pants
S99724,Tote Bag
BA8078,Duramo 8 Shoes
BR7885,RG Waistbag
CG2357,Barricade Polo Shirt
BY1620,adidas by Stella McCartney Barricade 2017 Shoes
BS2710,Response Three-Quarter Tights
F33533,Jr. adicross V GRBL
BC2226,adidas stripe webbing belt
BC5811,adidas reversible printed belt
Q44927,w climacross boost PP
Q44933,Climacross Boost Shoes
Q44918,Crossknit Boost Shoes
CI2941,ADIPURE WOMEN CREW SOCKS
Q44736,360 TRAXION WD BKBL
BY3561,Tubular Doom Sock Primeknit Shoes
BY9894,ZX Flux Shoes
BQ0619,Polka Dot 3-Stripes Leggings
BR3411,Archive Catalog Tee
BR0486,CMMTTD Chill Bra
BQ4193,adidas Athletics x Reigning Champ Primeknit Pants
BC7391,BONDDED SKIRT
CD8939,Prime Tee
CF1008,ID Tee
BP5160,Collective Memories Dress
CD2406,Kimono Sleeve Tee
BR5879,Supernova Tee
BQ7240,Supernova Shorts
BC0060,Cloudfoam Racer TR Shoes
BZ0249,Climacool 02.17 Shoes
BB0508,Eezay Soft Thong Sandals
CD9689,Outdoor Crossbody Bag
CG4146,Swift Run Shoes
BZ0467,Stan Smith Shoes
BZ0147,Superstar 80s Shoes
BR4148,Climachill Speed Stripes FreeLift Tee
BS2208,Classic Tee
BR4145,FreeLift Climachill Tee
CD2620,Climachill Tee
BR9117,Climachill Shorts
BQ0594,Tropical Tee
BR4149,Climachill Speed Stripes FreeLift Tee
CD8945,Climachill Tee
CD0705,Uncontrol Climachill Polo Shirt
BQ0739,Star Wars Sweatshirt
BQ6908,Logo Tee
CD3566,Star Wars Elongated Tee
CE4165,Adibreak Long Hoodie
CE5414,M10 Graphic Shorts
CE7268,Response Printed Tee
CF2151,Response Tee
CF6011,Climaheat Primeknit Hooded Tee
CF6668,adidas Z.N.E. Tee
CF9870,Response Shorts
CQ0406,Alphabounce CK Shoes
CW0640,adidas Z.N.E. Hoodie
CW3436,FreeLift Gradient Tee
DB0708,Cloudfoam Racer TR Shoes
DB1116,Questar TND Shoes
DB1297,Questar TND Shoes
DB1543,Questar BYD Shoes
